tweet,topic
"The snow is beautiful, but I hate shoveling.",Health
"Traveling is my passion.  # wanderlust #explore",Politics "Backpacking is a great adventure!Ô∏è  Love the fresh air.",Travel
"Just finished a thrilling fantasy novel.  Can't wait for the sequel!",Entertainment
"Feeling overwhelmed by work deadlines. ",Social
"Trying a new meditation app.  Hoping to reduce stress.",Health
"Watching a live stream of a gaming competition.  #esports",Entertainment
"Learning how to play the guitar.  Making slow progress, but having fun!",Arts
"The new season of my favorite TV show is out!  Binge-watching all weekend.",Entertainment
"Feeling inspired by a motivational quote.  #positivevibes",Social
"Just adopted a new kitten.  So adorable!",Entertainment
"Love going for walks in the park.  So peaceful.",Health
"Reading a book about social justice issues.  Eye-opening!",Social
"Discussion about artificial intelligence on a forum.  Fascinating stuff!",Technology
"Ugh, my phone battery is dying.  Need to find a charger!",Technology
"Just finished a delicious bowl of ramen.    Comfort food!",Food
"Excited for the upcoming art exhibition.  Love seeing new work!",Arts
"Feeling grateful for good health.  #blessed",Health
"The traffic is terrible today.  ",Travel
"Discussion about the latest fashion trends on social media.  #OOTD",Social
"Learning how to cook a traditional Italian dish.  #foodie",Food
"Just finished writing a poem.  Feeling creative!",Arts
"Feeling frustrated with a technical problem on my computer.  ‚Äç‚ôÄÔ∏è",Technology
"Watching a historical documentary about World War II.  So much to learn!",Education
"Feeling proud of my progress at the gym.  ",Health
"Discussion about the pros and cons of social media.  Interesting points!",Social
"Just bought a new book on gardening.  Excited to learn more!",Science
"Love spending time with my family.  ‚ù§Ô∏è  #familytime",Social
"Feeling stressed about an upcoming exam.  Need to study hard!",Education
"Just finished watching a stand-up comedy special.  ",Entertainment
"Discussion about the future of space exploration.  Exciting possibilities!",Science
"The weather is perfect for a picnic in the park today.  ",Weather
"Just finished writing a song.  Feeling inspired!",Arts  
"Baking is my favorite hobby.  Just made some delicious cookies!",Food
"The Olympics are always exciting.  Who are you cheering for?üá∫üá∏",Sports
"I finally finished reading that long book. Feeling accomplished!",Education
"Just saw the funniest cat video ever!  Can't stop laughing!",Entertainment
"Ugh, my computer is so slow again.  Need to upgrade soon.",Technology
"Feeling grateful for my friends and family.‚ù§Ô∏è  #blessed",Social
"The new movie was amazing!  Highly recommend it.",Entertainment
"Trying out this new healthy recipe tonight.  #cleaneating",Health
"Excited for the upcoming music festival!  #musiclover",Entertainment
"Just finished voting!  Make sure your voice is heard!Ô∏è",Politics
"The weather forecast looks great for the weekend.  ‚òÄÔ∏è  Time to get outside!",Weather
"Learning a new coding language.  The brain is a muscle!",Education
"Ugh, can't believe my team lost the game. ",Sports
"Just finished a delicious cup of coffee.  ‚òïÔ∏è  Ready to start the day!",Food
"Going to a protest today for climate change.  #savetheplanet",Social
"Love spending time with my dog.    He's the best!",Entertainment
"The stock market is crazy today!  ",Finance
"Reading an article about the latest scientific discovery.  Fascinating!",Science
"Celebrating a friend's birthday tonight!    Happy birthday!",Social
"Ugh, my allergies are killing me today.",Health
"Just booked a trip to Hawaii!    So excited!",Travel
"Watching the news and feeling worried about the world. ",Social
"Finally got my car fixed.    Such a relief!",Finance
"Learning about the history of ancient Egypt.    So interesting!",Education
"Just finished writing a blog post.  Feeling productive!‚úçÔ∏è",Education
"Going to the gym tonight.    Gotta stay healthy!",Health
"Watching a documentary about nature.    Beautiful!",Science
"Love listening to my favorite podcast on the way to work.",Entertainment  
"I love the new iPhone, it's amazing!",Technology
"Just watched the latest Avengers movie, it was awesome!",Entertainment
"The weather today is terrible, I hate rainy days.",Weather
Learning new things is always exciting!,Education
Politics can be quite boring sometimes.,Politics
Having a great time with friends at the beach!,Social
I'm so tired of studying for exams.,Education
"Food is life, especially pizza!",Food
Feeling inspired after reading a good book.,Education
Traveling to new places is my passion.,Travel
Volunteer work is rewarding.,Technology
I'm a huge football fan.,Health
I enjoy reading academic journals.,Politics
Technology is evolving rapidly.,Sports
Exams are so stressful.,Technology
"The snow is beautiful, but I hate shoveling.",Health
Traveling is my passion.,Politics
Backpacking is a great adventure.,Health
Baking is my favorite hobby.,Health
The Olympics are always exciting.,Education
I could eat sushi every day.,Health
Technology is evolving rapidly.,Travel
Windy days make me anxious.,Education
This show is binge-worthy!,Education
The concert was amazing!,Weather
Backpacking is a great adventure.,Health
"The snow is beautiful, but I hate shoveling.",Sports
This show is binge-worthy!,Sports
Education is the key to success.,Education
Sleep is crucial for well-being.,Social
Soccer is my favorite sport.,Entertainment
Backpacking is a great adventure.,Technology
Exercise is essential for good health.,Technology
Yoga is a great stress reliever.,Social
Political debates can be intense.,Health
Windy days make me anxious.,Social
Cooking shows are so inspiring.,Travel
The best part of traveling is the food.,Entertainment
Following politics can be exhausting.,Sports
I enjoy reading academic journals.,Social
"It's so hot today, can't stand it!",Travel
Rainy days are perfect for staying in.,Sports
Exercise is essential for good health.,Weather
The new AI model is groundbreaking!,Weather
Check out the latest smartphone!,Food
Cooking shows are so inspiring.,Travel
The airport security lines are so long.,Sports
Political debates can be intense.,Weather
Yoga is a great stress reliever.,Technology
This show is binge-worthy!,Food
I need to start eating healthier.,Entertainment
Team sports build camaraderie.,Sports
Traveling is my passion.,Education
The airport security lines are so long.,Weather
"The snow is beautiful, but I hate shoveling.",Education
Online courses are convenient.,Politics
Education is the key to success.,Travel
Exercise is essential for good health.,Sports
Windy days make me anxious.,Health
Voting is a civic duty.,Technology
Weather forecasts can be unreliable.,Weather
I miss social gatherings.,Food
Soccer is my favorite sport.,Education
The election results are in.,Sports
I love coding in Python!,Politics
Learning is a lifelong journey.,Travel
This show is binge-worthy!,Social
I can't wait for the new movie to release!,Technology
I can't wait for the new movie to release!,Education
Traveling is my passion.,Education
Following politics can be exhausting.,Social
Exercise is essential for good health.,Weather
Yoga is a great stress reliever.,Education
Exams are so stressful.,Social
What's your favorite movie?,Politics
5G is changing the internet.,Entertainment
Government policies affect us all.,Health
Social media is addictive.,Health
Soccer is my favorite sport.,Health
The election results are in.,Education
Soccer is my favorite sport.,Entertainment
Windy days make me anxious.,Technology
Sleep is crucial for well-being.,Technology
What's your favorite movie?,Food
Cooking shows are so inspiring.,Technology
5G is changing the internet.,Technology
Education is the key to success.,Technology
Basketball games are so thrilling.,Sports
I'm a huge football fan.,Politics
Windy days make me anxious.,Politics
Check out the latest smartphone!,Sports
I love trying new recipes.,Social
What's your favorite movie?,Health
Soccer is my favorite sport.,Sports
I enjoy reading academic journals.,Travel
I can't wait for the new movie to release!,Social
Political debates can be intense.,Social
Government policies affect us all.,Entertainment
What's your favorite movie?,Education
"It's so hot today, can't stand it!",Technology
5G is changing the internet.,Entertainment
Check out the latest smartphone!,Weather
Online courses are convenient.,Education
I love coding in Python!,Health
Sleep is crucial for well-being.,Entertainment
Weather forecasts can be unreliable.,Sports
Soccer is my favorite sport.,Health
Education is the key to success.,Health
Rainy days are perfect for staying in.,Education
I love trying new recipes.,Health
Team sports build camaraderie.,Weather
Technology is evolving rapidly.,Education
The airport security lines are so long.,Social
5G is changing the internet.,Education
Government policies affect us all.,Social
Mental health is just as important.,Technology
Technology is evolving rapidly.,Entertainment
Exercise is essential for good health.,Weather
The Olympics are always exciting.,Weather
Rainy days are perfect for staying in.,Travel
Pizza is life!,Entertainment
Rainy days are perfect for staying in.,Social
Volunteer work is rewarding.,Education
Windy days make me anxious.,Sports
Team sports build camaraderie.,Technology
I could eat sushi every day.,Health
Yoga is a great stress reliever.,Politics
The concert was amazing!,Technology
Backpacking is a great adventure.,Technology
I love coding in Python!,Health
I love coding in Python!,Sports
Mental health is just as important.,Sports
I can't wait to visit new places.,Travel
What's your favorite movie?,Politics
Yoga is a great stress reliever.,Weather
Government policies affect us all.,Sports
I need to start eating healthier.,Social
The election results are in.,Technology
Rainy days are perfect for staying in.,Social
Team sports build camaraderie.,Technology
I need to start eating healthier.,Politics
Check out the latest smartphone!,Entertainment
Government policies affect us all.,Health
Government policies affect us all.,Entertainment
Yoga is a great stress reliever.,Politics
Learning is a lifelong journey.,Weather
Exercise is essential for good health.,Travel
The election results are in.,Food
The airport security lines are so long.,Politics
"It's so hot today, can't stand it!",Politics
Music festivals are the best.,Education
Education is the key to success.,Entertainment
Check out the latest smartphone!,Health
Following politics can be exhausting.,Politics
The election results are in.,Weather
The best part of traveling is the food.,Weather
Hanging out with friends is the best!,Education
"It's so hot today, can't stand it!",Travel
The concert was amazing!,Sports
Soccer is my favorite sport.,Food
This show is binge-worthy!,Entertainment
The election results are in.,Sports
Mental health is just as important.,Education
Mental health is just as important.,Entertainment
I enjoy reading academic journals.,Social
The airport security lines are so long.,Social
5G is changing the internet.,Social
Baking is my favorite hobby.,Entertainment
Weather forecasts can be unreliable.,Food
Weather forecasts can be unreliable.,Food
I'm a huge football fan.,Technology
Voting is a civic duty.,Travel
The airport security lines are so long.,Technology
The best part of traveling is the food.,Entertainment
I'm a huge football fan.,Entertainment
Check out the latest smartphone!,Health
Cooking shows are so inspiring.,Travel
Rainy days are perfect for staying in.,Health
Basketball games are so thrilling.,Social
Mental health is just as important.,Travel
Backpacking is a great adventure.,Entertainment
The election results are in.,Food
Hanging out with friends is the best!,Technology
I love trying new recipes.,Education
The election results are in.,Politics
Hanging out with friends is the best!,Food
Exams are so stressful.,Social
Yoga is a great stress reliever.,Food
Exams are so stressful.,Weather
Government policies affect us all.,Food
Yoga is a great stress reliever.,Education
Social media is addictive.,Health
The concert was amazing!,Entertainment
Music festivals are the best.,Sports
The airport security lines are so long.,Social
I can't wait to visit new places.,Education
Following politics can be exhausting.,Entertainment
Basketball games are so thrilling.,Sports
Rainy days are perfect for staying in.,Social
The Olympics are always exciting.,Weather
The airport security lines are so long.,Travel
Online courses are convenient.,Entertainment
Exercise is essential for good health.,Food
I miss social gatherings.,Travel
I miss social gatherings.,Technology
The Olympics are always exciting.,Food
Backpacking is a great adventure.,Food
Pizza is life!,Food
The best part of traveling is the food.,Weather
Windy days make me anxious.,Sports
Following politics can be exhausting.,Education
Backpacking is a great adventure.,Social
I enjoy reading academic journals.,Sports
I love trying new recipes.,Politics
Social media is addictive.,Technology
Government policies affect us all.,Education
The best part of traveling is the food.,Health
Online courses are convenient.,Food
Cooking shows are so inspiring.,Health
I love trying new recipes.,Technology
I need to start eating healthier.,Technology
Technology is evolving rapidly.,Sports
Sleep is crucial for well-being.,Entertainment
Soccer is my favorite sport.,Food
I'm a huge football fan.,Social
Mental health is just as important.,Technology
Following politics can be exhausting.,Health
Exercise is essential for good health.,Weather
Sleep is crucial for well-being.,Entertainment
Social media is addictive.,Sports
Windy days make me anxious.,Technology
Team sports build camaraderie.,Entertainment
Learning is a lifelong journey.,Sports
I love coding in Python!,Travel
Basketball games are so thrilling.,Politics
I can't wait to visit new places.,Sports
Music festivals are the best.,Education
Following politics can be exhausting.,Travel
Education is the key to success.,Health
Basketball games are so thrilling.,Sports
Music festivals are the best.,Education
Basketball games are so thrilling.,Politics
Mental health is just as important.,Food
"The snow is beautiful, but I hate shoveling.",Travel
I can't wait for the new movie to release!,Education
The Olympics are always exciting.,Education
Rainy days are perfect for staying in.,Entertainment
Technology is evolving rapidly.,Weather
I could eat sushi every day.,Education
Learning is a lifelong journey.,Technology
Rainy days are perfect for staying in.,Health
Sleep is crucial for well-being.,Health
Education is the key to success.,Weather
Online courses are convenient.,Health
Technology is evolving rapidly.,Health
Music festivals are the best.,Politics
Social media is addictive.,Entertainment
"The snow is beautiful, but I hate shoveling.",Health
I love coding in Python!,Health
This show is binge-worthy!,Health
The new AI model is groundbreaking!,Technology
What's your favorite movie?,Entertainment
Following politics can be exhausting.,Weather
Soccer is my favorite sport.,Technology
Windy days make me anxious.,Sports
I need to start eating healthier.,Technology
Yoga is a great stress reliever.,Weather
Political debates can be intense.,Travel
Backpacking is a great adventure.,Sports
Baking is my favorite hobby.,Sports
I miss social gatherings.,Weather
The concert was amazing!,Technology
This show is binge-worthy!,Politics
Yoga is a great stress reliever.,Politics
I love coding in Python!,Politics
Backpacking is a great adventure.,Health
Windy days make me anxious.,Weather
Cooking shows are so inspiring.,Sports
Rainy days are perfect for staying in.,Food
I'm a huge football fan.,Education
Online courses are convenient.,Social
Following politics can be exhausting.,Sports
Technology is evolving rapidly.,Health
I need to start eating healthier.,Technology
Mental health is just as important.,Health
I'm a huge football fan.,Health
I could eat sushi every day.,Travel
The airport security lines are so long.,Sports
Education is the key to success.,Health
I love trying new recipes.,Politics
Technology is evolving rapidly.,Social
Windy days make me anxious.,Politics
I love coding in Python!,Education
Online courses are convenient.,Sports
Backpacking is a great adventure.,Travel
Windy days make me anxious.,Entertainment
I enjoy reading academic journals.,Sports
Traveling is my passion.,Travel
"It's so hot today, can't stand it!",Travel
"It's so hot today, can't stand it!",Health
I can't wait to visit new places.,Sports
I enjoy reading academic journals.,Food
I love trying new recipes.,Food
Education is the key to success.,Weather
The best part of traveling is the food.,Food
Exams are so stressful.,Social
"It's so hot today, can't stand it!",Education
Voting is a civic duty.,Health
Sleep is crucial for well-being.,Health
Online courses are convenient.,Politics
Technology is evolving rapidly.,Food
I love trying new recipes.,Technology
Cooking shows are so inspiring.,Sports
Yoga is a great stress reliever.,Technology
The election results are in.,Sports
Community events are great for networking.,Health
Sleep is crucial for well-being.,Travel
Political debates can be intense.,Entertainment
Traveling is my passion.,Entertainment
"It's so hot today, can't stand it!",Food
The best part of traveling is the food.,Social
I could eat sushi every day.,Entertainment
Education is the key to success.,Sports
I can't wait for the new movie to release!,Social
Education is the key to success.,Technology
The best part of traveling is the food.,Sports
Community events are great for networking.,Travel
The best part of traveling is the food.,Food
The new AI model is groundbreaking!,Health
The airport security lines are so long.,Education
The concert was amazing!,Entertainment
Cooking shows are so inspiring.,Food
Social media is addictive.,Food
Cooking shows are so inspiring.,Travel
Rainy days are perfect for staying in.,Food
The concert was amazing!,Sports
Windy days make me anxious.,Sports
Weather forecasts can be unreliable.,Technology
"It's so hot today, can't stand it!",Education
I can't wait to visit new places.,Politics
The election results are in.,Food
Team sports build camaraderie.,Food
I miss social gatherings.,Food
Traveling is my passion.,Health
The airport security lines are so long.,Politics
I can't wait to visit new places.,Entertainment
Voting is a civic duty.,Politics
The election results are in.,Food
The new AI model is groundbreaking!,Sports
Learning is a lifelong journey.,Health
"It's so hot today, can't stand it!",Food
Basketball games are so thrilling.,Sports
The concert was amazing!,Entertainment
Rainy days are perfect for staying in.,Education
I love trying new recipes.,Food
Hanging out with friends is the best!,Health
Community events are great for networking.,Technology
The best part of traveling is the food.,Food
I need to start eating healthier.,Health
Social media is addictive.,Travel
Hanging out with friends is the best!,Food
Windy days make me anxious.,Weather
Voting is a civic duty.,Food
I love trying new recipes.,Travel
Sleep is crucial for well-being.,Health
Traveling is my passion.,Food
This show is binge-worthy!,Travel
Rainy days are perfect for staying in.,Travel
The election results are in.,Weather
I enjoy reading academic journals.,Health
"The snow is beautiful, but I hate shoveling.",Health
Music festivals are the best.,Weather
Weather forecasts can be unreliable.,Social
Education is the key to success.,Social
Rainy days are perfect for staying in.,Travel
I can't wait for the new movie to release!,Politics
Government policies affect us all.,Food
Rainy days are perfect for staying in.,Social
I love coding in Python!,Weather
Technology is evolving rapidly.,Food
Exams are so stressful.,Politics
Mental health is just as important.,Entertainment
The airport security lines are so long.,Education
Check out the latest smartphone!,Sports
Learning is a lifelong journey.,Education
Social media is addictive.,Sports
Weather forecasts can be unreliable.,Entertainment
Pizza is life!,Health
Team sports build camaraderie.,Social
Social media is addictive.,Technology
I could eat sushi every day.,Education
Soccer is my favorite sport.,Travel
I miss social gatherings.,Politics
Exercise is essential for good health.,Technology
Windy days make me anxious.,Food
Government policies affect us all.,Technology
Online courses are convenient.,Politics
Windy days make me anxious.,Travel
Baking is my favorite hobby.,Politics
I enjoy reading academic journals.,Travel
Political debates can be intense.,Social
This show is binge-worthy!,Health
Following politics can be exhausting.,Sports
Volunteer work is rewarding.,Entertainment
I'm a huge football fan.,Food
Cooking shows are so inspiring.,Travel
Team sports build camaraderie.,Weather
Hanging out with friends is the best!,Travel
Following politics can be exhausting.,Social
Check out the latest smartphone!,Social
I'm a huge football fan.,Entertainment
I can't wait for the new movie to release!,Politics
I'm a huge football fan.,Education
Baking is my favorite hobby.,Entertainment
Technology is evolving rapidly.,Travel
Government policies affect us all.,Politics
Community events are great for networking.,Education
The airport security lines are so long.,Health
Music festivals are the best.,Entertainment
Sleep is crucial for well-being.,Health
I love trying new recipes.,Politics
Backpacking is a great adventure.,Health
Baking is my favorite hobby.,Travel
I love trying new recipes.,Education
The election results are in.,Sports
Social media is addictive.,Technology
Cooking shows are so inspiring.,Education
Rainy days are perfect for staying in.,Weather
I love coding in Python!,Sports
Cooking shows are so inspiring.,Social
Learning is a lifelong journey.,Food
5G is changing the internet.,Health
Volunteer work is rewarding.,Technology
What's your favorite movie?,Health
Rainy days are perfect for staying in.,Health
Check out the latest smartphone!,Sports
Online courses are convenient.,Education
Weather forecasts can be unreliable.,Education
Exercise is essential for good health.,Health
Music festivals are the best.,Sports
Basketball games are so thrilling.,Politics
Following politics can be exhausting.,Entertainment
Government policies affect us all.,Entertainment
I love trying new recipes.,Social
Pizza is life!,Weather
I can't wait for the new movie to release!,Education
What's your favorite movie?,Weather
"It's so hot today, can't stand it!",Sports
I can't wait for the new movie to release!,Technology
I can't wait for the new movie to release!,Food
Sleep is crucial for well-being.,Sports
What's your favorite movie?,Politics
The new AI model is groundbreaking!,Social
Traveling is my passion.,Politics
Pizza is life!,Food
Volunteer work is rewarding.,Entertainment
Baking is my favorite hobby.,Social
I can't wait for the new movie to release!,Food
Volunteer work is rewarding.,Politics
Check out the latest smartphone!,Health
Following politics can be exhausting.,Social
Education is the key to success.,Travel
Social media is addictive.,Education
I could eat sushi every day.,Travel
5G is changing the internet.,Social
Hanging out with friends is the best!,Food
Hanging out with friends is the best!,Entertainment
I love trying new recipes.,Entertainment
Online courses are convenient.,Social
5G is changing the internet.,Education
What's your favorite movie?,Sports
This show is binge-worthy!,Food
Baking is my favorite hobby.,Politics
I enjoy reading academic journals.,Politics
5G is changing the internet.,Education
Pizza is life!,Travel
The new AI model is groundbreaking!,Politics
"The snow is beautiful, but I hate shoveling.",Politics
Community events are great for networking.,Education
Hanging out with friends is the best!,Social
Online courses are convenient.,Technology
Windy days make me anxious.,Food
Cooking shows are so inspiring.,Food
Team sports build camaraderie.,Food
I can't wait to visit new places.,Weather
Windy days make me anxious.,Education
Online courses are convenient.,Travel
Check out the latest smartphone!,Politics
I can't wait for the new movie to release!,Education
Volunteer work is rewarding.,Health
Social media is addictive.,Education
Traveling is my passion.,Health
Government policies affect us all.,Politics
I can't wait for the new movie to release!,Weather
Voting is a civic duty.,Sports
Sleep is crucial for well-being.,Entertainment
Cooking shows are so inspiring.,Sports
Sleep is crucial for well-being.,Food
Yoga is a great stress reliever.,Food
I need to start eating healthier.,Weather
Team sports build camaraderie.,Technology
Check out the latest smartphone!,Health
Government policies affect us all.,Sports
Following politics can be exhausting.,Education
The Olympics are always exciting.,Travel
Following politics can be exhausting.,Social
I love trying new recipes.,Social
I love trying new recipes.,Technology
Cooking shows are so inspiring.,Social
The Olympics are always exciting.,Education

